h,s,v,target
14,83,156,Red
6,92,159,Red
13,74,162,Red
7,101,140,Red
7,127,138,Red
11,85,151,Red
6,122,123,Red
5,122,127,Red
9,104,140,Red
15,80,176,Orange
9,85,184,Orange
16,79,182,Orange
11,91,169,Orange
11,99,168,Orange
15,84,174,Orange
11,102,150,Orange
11,100,153,Orange
13,90,164,Orange
92,9,142,White
90,10,151,White
90,10,146,White
83,10,130,White
89,10,128,White
92,9,130,White
74,11,116,White
79,10,118,White
77,9,123,White
39,76,167,Yellow
37,76,169,Yellow
40,75,170,Yellow
36,88,156,Yellow
36,95,153,Yellow
37,84,163,Yellow
36,90,146,Yellow
35,95,145,Yellow
36,89,148,Yellow
11,92,182,Orange
15,93,178,Orange
14,89,179,Orange
11,112,165,Orange
12,114,165,Orange
13,93,168,Orange
11,114,149,Orange
11,114,152,Orange
13,99,159,Orange
65,113,135,Green
66,112,135,Green
66,110,137,Green
62,117,121,Green
63,120,119,Green
63,112,127,Green
62,112,114,Green
62,111,110,Green
62,108,116,Green
10,83,141,Red
9,88,142,Red
18,72,143,Red
8,113,126,Red
10,121,123,Red
14,78,134,Red
8,121,113,Red
6,119,115,Red
17,89,123,Red
102,114,120,Blue
102,115,122,Blue
100,110,126,Blue
103,124,108,Blue
104,126,106,Blue
102,118,116,Blue
104,115,101,Blue
105,114,99,Blue
104,113,104,Blue
90,79,157,Blue
92,89,158,Blue
86,88,154,Blue
94,107,142,Blue
97,127,140,Blue
94,103,148,Blue
92,111,125,Blue
92,108,126,Blue
87,101,131,Blue
30,82,170,Yellow
29,83,171,Yellow
29,76,179,Yellow
29,89,150,Yellow
29,94,151,Yellow
29,80,166,Yellow
29,96,134,Yellow
28,93,137,Yellow
29,83,153,Yellow
60,9,160,White
60,9,147,White
51,8,151,White
57,10,133,White
62,10,127,White
54,9,136,White
65,9,118,White
57,10,120,White
52,9,129,White
12,83,152,Orange
11,84,156,Orange
19,82,154,Orange
10,104,145,Orange
11,107,142,Orange
15,89,144,Orange
11,104,134,Orange
10,106,134,Orange
14,97,136,Orange
63,113,159,Green
60,116,158,Green
60,118,162,Green
62,124,139,Green
62,131,135,Green
63,123,144,Green
63,122,123,Green
62,120,123,Green
63,119,130,Green
6,97,104,Red
6,96,104,Red
11,89,108,Red
4,109,91,Red
3,115,88,Red
4,104,98,Red
4,101,84,Red
3,99,82,Red
3,98,88,Red
12,57,88,White
46,13,134,White
46,13,136,White
11,56,81,White
45,14,119,White
44,14,125,White
35,15,104,White
7,54,69,White
37,14,112,White
37,107,166,Yellow
37,111,160,Yellow
37,109,165,Yellow
37,119,147,Yellow
36,124,143,Yellow
36,115,153,Yellow
36,118,133,Yellow
36,115,131,Yellow
36,113,137,Yellow
97,105,157,Blue
95,101,160,Blue
96,76,169,Blue
96,121,137,Blue
97,125,140,Blue
92,76,155,Blue
98,125,124,Blue
98,127,131,Blue
96,81,146,Blue
60,112,173,Green
60,116,174,Green
58,100,180,Green
59,119,158,Green
60,133,158,Green
58,108,169,Green
59,121,138,Green
59,123,142,Green
58,113,157,Green
h,s,v,target
0,150,150,Red
0,150,170,Red
0,150,190,Red
0,150,210,Red
0,150,230,Red
0,150,250,Red
0,170,150,Red
0,170,170,Red
0,170,190,Red
0,170,210,Red
0,170,230,Red
0,170,250,Red
0,190,150,Red
0,190,170,Red
0,190,190,Red
0,190,210,Red
0,190,230,Red
0,190,250,Red
0,210,150,Red
0,210,170,Red
0,210,190,Red
0,210,210,Red
0,210,230,Red
0,210,250,Red
0,230,150,Red
0,230,170,Red
0,230,190,Red
0,230,210,Red
0,230,230,Red
0,230,250,Red
0,250,150,Red
0,250,170,Red
0,250,190,Red
0,250,210,Red
0,250,230,Red
0,250,250,Red
2,150,150,Red
2,150,170,Red
2,150,190,Red
2,150,210,Red
2,150,230,Red
2,150,250,Red
2,170,150,Red
2,170,170,Red
2,170,190,Red
2,170,210,Red
2,170,230,Red
2,170,250,Red
2,190,150,Red
2,190,170,Red
2,190,190,Red
2,190,210,Red
2,190,230,Red
2,190,250,Red
2,210,150,Red
2,210,170,Red
2,210,190,Red
2,210,210,Red
2,210,230,Red
2,210,250,Red
2,230,150,Red
2,230,170,Red
2,230,190,Red
2,230,210,Red
2,230,230,Red
2,230,250,Red
2,250,150,Red
2,250,170,Red
2,250,190,Red
2,250,210,Red
2,250,230,Red
2,250,250,Red
4,150,150,Red
4,150,170,Red
4,150,190,Red
4,150,210,Red
4,150,230,Red
4,150,250,Red
4,170,150,Red
4,170,170,Red
4,170,190,Red
4,170,210,Red
4,170,230,Red
4,170,250,Red
4,190,150,Red
4,190,170,Red
4,190,190,Red
4,190,210,Red
4,190,230,Red
4,190,250,Red
4,210,150,Red
4,210,170,Red
4,210,190,Red
4,210,210,Red
4,210,230,Red
4,210,250,Red
4,230,150,Red
4,230,170,Red
4,230,190,Red
4,230,210,Red
4,230,230,Red
4,230,250,Red
4,250,150,Red
4,250,170,Red
4,250,190,Red
4,250,210,Red
4,250,230,Red
4,250,250,Red
6,150,150,Red
6,150,170,Red
6,150,190,Red
6,150,210,Red
6,150,230,Red
6,150,250,Red
6,170,150,Red
6,170,170,Red
6,170,190,Red
6,170,210,Red
6,170,230,Red
6,170,250,Red
6,190,150,Red
6,190,170,Red
6,190,190,Red
6,190,210,Red
6,190,230,Red
6,190,250,Red
6,210,150,Red
6,210,170,Red
6,210,190,Red
6,210,210,Red
6,210,230,Red
6,210,250,Red
6,230,150,Red
6,230,170,Red
6,230,190,Red
6,230,210,Red
6,230,230,Red
6,230,250,Red
6,250,150,Red
6,250,170,Red
6,250,190,Red
6,250,210,Red
6,250,230,Red
6,250,250,Red
8,150,150,Red
8,150,170,Red
8,150,190,Red
8,150,210,Red
8,150,230,Red
8,150,250,Red
8,170,150,Red
8,170,170,Red
8,170,190,Red
8,170,210,Red
8,170,230,Red
8,170,250,Red
8,190,150,Red
8,190,170,Red
8,190,190,Red
8,190,210,Red
8,190,230,Red
8,190,250,Red
8,210,150,Red
8,210,170,Red
8,210,190,Red
8,210,210,Red
8,210,230,Red
8,210,250,Red
8,230,150,Red
8,230,170,Red
8,230,190,Red
8,230,210,Red
8,230,230,Red
8,230,250,Red
8,250,150,Red
8,250,170,Red
8,250,190,Red
8,250,210,Red
8,250,230,Red
8,250,250,Red
10,150,150,Red
10,150,170,Red
10,150,190,Red
10,150,210,Red
10,150,230,Red
10,150,250,Red
10,170,150,Red
10,170,170,Red
10,170,190,Red
10,170,210,Red
10,170,230,Red
10,170,250,Red
10,190,150,Red
10,190,170,Red
10,190,190,Red
10,190,210,Red
10,190,230,Red
10,190,250,Red
10,210,150,Red
10,210,170,Red
10,210,190,Red
10,210,210,Red
10,210,230,Red
10,210,250,Red
10,230,150,Red
10,230,170,Red
10,230,190,Red
10,230,210,Red
10,230,230,Red
10,230,250,Red
10,250,150,Red
10,250,170,Red
10,250,190,Red
10,250,210,Red
10,250,230,Red
10,250,250,Red
170,150,150,Red
170,150,170,Red
170,150,190,Red
170,150,210,Red
170,150,230,Red
170,150,250,Red
170,170,150,Red
170,170,170,Red
170,170,190,Red
170,170,210,Red
170,170,230,Red
170,170,250,Red
170,190,150,Red
170,190,170,Red
170,190,190,Red
170,190,210,Red
170,190,230,Red
170,190,250,Red
170,210,150,Red
170,210,170,Red
170,210,190,Red
170,210,210,Red
170,210,230,Red
170,210,250,Red
170,230,150,Red
170,230,170,Red
170,230,190,Red
170,230,210,Red
170,230,230,Red
170,230,250,Red
170,250,150,Red
170,250,170,Red
170,250,190,Red
170,250,210,Red
170,250,230,Red
170,250,250,Red
172,150,150,Red
172,150,170,Red
172,150,190,Red
172,150,210,Red
172,150,230,Red
172,150,250,Red
172,170,150,Red
172,170,170,Red
172,170,190,Red
172,170,210,Red
172,170,230,Red
172,170,250,Red
172,190,150,Red
172,190,170,Red
172,190,190,Red
172,190,210,Red
172,190,230,Red
172,190,250,Red
172,210,150,Red
172,210,170,Red
172,210,190,Red
172,210,210,Red
172,210,230,Red
172,210,250,Red
172,230,150,Red
172,230,170,Red
172,230,190,Red
172,230,210,Red
172,230,230,Red
172,230,250,Red
172,250,150,Red
172,250,170,Red
172,250,190,Red
172,250,210,Red
172,250,230,Red
172,250,250,Red
174,150,150,Red
174,150,170,Red
174,150,190,Red
174,150,210,Red
174,150,230,Red
174,150,250,Red
174,170,150,Red
174,170,170,Red
174,170,190,Red
174,170,210,Red
174,170,230,Red
174,170,250,Red
174,190,150,Red
174,190,170,Red
174,190,190,Red
174,190,210,Red
174,190,230,Red
174,190,250,Red
174,210,150,Red
174,210,170,Red
174,210,190,Red
174,210,210,Red
174,210,230,Red
174,210,250,Red
174,230,150,Red
174,230,170,Red
174,230,190,Red
174,230,210,Red
174,230,230,Red
174,230,250,Red
174,250,150,Red
174,250,170,Red
174,250,190,Red
174,250,210,Red
174,250,230,Red
174,250,250,Red
176,150,150,Red
176,150,170,Red
176,150,190,Red
176,150,210,Red
176,150,230,Red
176,150,250,Red
176,170,150,Red
176,170,170,Red
176,170,190,Red
176,170,210,Red
176,170,230,Red
176,170,250,Red
176,190,150,Red
176,190,170,Red
176,190,190,Red
176,190,210,Red
176,190,230,Red
176,190,250,Red
176,210,150,Red
176,210,170,Red
176,210,190,Red
176,210,210,Red
176,210,230,Red
176,210,250,Red
176,230,150,Red
176,230,170,Red
176,230,190,Red
176,230,210,Red
176,230,230,Red
176,230,250,Red
176,250,150,Red
176,250,170,Red
176,250,190,Red
176,250,210,Red
176,250,230,Red
176,250,250,Red
178,150,150,Red
178,150,170,Red
178,150,190,Red
178,150,210,Red
178,150,230,Red
178,150,250,Red
178,170,150,Red
178,170,170,Red
178,170,190,Red
178,170,210,Red
178,170,230,Red
178,170,250,Red
178,190,150,Red
178,190,170,Red
178,190,190,Red
178,190,210,Red
178,190,230,Red
178,190,250,Red
178,210,150,Red
178,210,170,Red
178,210,190,Red
178,210,210,Red
178,210,230,Red
178,210,250,Red
178,230,150,Red
178,230,170,Red
178,230,190,Red
178,230,210,Red
178,230,230,Red
178,230,250,Red
178,250,150,Red
178,250,170,Red
178,250,190,Red
178,250,210,Red
178,250,230,Red
178,250,250,Red
180,150,150,Red
180,150,170,Red
180,150,190,Red
180,150,210,Red
180,150,230,Red
180,150,250,Red
180,170,150,Red
180,170,170,Red
180,170,190,Red
180,170,210,Red
180,170,230,Red
180,170,250,Red
180,190,150,Red
180,190,170,Red
180,190,190,Red
180,190,210,Red
180,190,230,Red
180,190,250,Red
180,210,150,Red
180,210,170,Red
180,210,190,Red
180,210,210,Red
180,210,230,Red
180,210,250,Red
180,230,150,Red
180,230,170,Red
180,230,190,Red
180,230,210,Red
180,230,230,Red
180,230,250,Red
180,250,150,Red
180,250,170,Red
180,250,190,Red
180,250,210,Red
180,250,230,Red
180,250,250,Red
10,140,140,Orange
10,140,160,Orange
10,140,180,Orange
10,140,200,Orange
10,140,220,Orange
10,140,240,Orange
10,160,140,Orange
10,160,160,Orange
10,160,180,Orange
10,160,200,Orange
10,160,220,Orange
10,160,240,Orange
10,180,140,Orange
10,180,160,Orange
10,180,180,Orange
10,180,200,Orange
10,180,220,Orange
10,180,240,Orange
10,200,140,Orange
10,200,160,Orange
10,200,180,Orange
10,200,200,Orange
10,200,220,Orange
10,200,240,Orange
10,220,140,Orange
10,220,160,Orange
10,220,180,Orange
10,220,200,Orange
10,220,220,Orange
10,220,240,Orange
10,240,140,Orange
10,240,160,Orange
10,240,180,Orange
10,240,200,Orange
10,240,220,Orange
10,240,240,Orange
12,140,140,Orange
12,140,160,Orange
12,140,180,Orange
12,140,200,Orange
12,140,220,Orange
12,140,240,Orange
12,160,140,Orange
12,160,160,Orange
12,160,180,Orange
12,160,200,Orange
12,160,220,Orange
12,160,240,Orange
12,180,140,Orange
12,180,160,Orange
12,180,180,Orange
12,180,200,Orange
12,180,220,Orange
12,180,240,Orange
12,200,140,Orange
12,200,160,Orange
12,200,180,Orange
12,200,200,Orange
12,200,220,Orange
12,200,240,Orange
12,220,140,Orange
12,220,160,Orange
12,220,180,Orange
12,220,200,Orange
12,220,220,Orange
12,220,240,Orange
12,240,140,Orange
12,240,160,Orange
12,240,180,Orange
12,240,200,Orange
12,240,220,Orange
12,240,240,Orange
14,140,140,Orange
14,140,160,Orange
14,140,180,Orange
14,140,200,Orange
14,140,220,Orange
14,140,240,Orange
14,160,140,Orange
14,160,160,Orange
14,160,180,Orange
14,160,200,Orange
14,160,220,Orange
14,160,240,Orange
14,180,140,Orange
14,180,160,Orange
14,180,180,Orange
14,180,200,Orange
14,180,220,Orange
14,180,240,Orange
14,200,140,Orange
14,200,160,Orange
14,200,180,Orange
14,200,200,Orange
14,200,220,Orange
14,200,240,Orange
14,220,140,Orange
14,220,160,Orange
14,220,180,Orange
14,220,200,Orange
14,220,220,Orange
14,220,240,Orange
14,240,140,Orange
14,240,160,Orange
14,240,180,Orange
14,240,200,Orange
14,240,220,Orange
14,240,240,Orange
16,140,140,Orange
16,140,160,Orange
16,140,180,Orange
16,140,200,Orange
16,140,220,Orange
16,140,240,Orange
16,160,140,Orange
16,160,160,Orange
16,160,180,Orange
16,160,200,Orange
16,160,220,Orange
16,160,240,Orange
16,180,140,Orange
16,180,160,Orange
16,180,180,Orange
16,180,200,Orange
16,180,220,Orange
16,180,240,Orange
16,200,140,Orange
16,200,160,Orange
16,200,180,Orange
16,200,200,Orange
16,200,220,Orange
16,200,240,Orange
16,220,140,Orange
16,220,160,Orange
16,220,180,Orange
16,220,200,Orange
16,220,220,Orange
16,220,240,Orange
16,240,140,Orange
16,240,160,Orange
16,240,180,Orange
16,240,200,Orange
16,240,220,Orange
16,240,240,Orange
18,140,140,Orange
18,140,160,Orange
18,140,180,Orange
18,140,200,Orange
18,140,220,Orange
18,140,240,Orange
18,160,140,Orange
18,160,160,Orange
18,160,180,Orange
18,160,200,Orange
18,160,220,Orange
18,160,240,Orange
18,180,140,Orange
18,180,160,Orange
18,180,180,Orange
18,180,200,Orange
18,180,220,Orange
18,180,240,Orange
18,200,140,Orange
18,200,160,Orange
18,200,180,Orange
18,200,200,Orange
18,200,220,Orange
18,200,240,Orange
18,220,140,Orange
18,220,160,Orange
18,220,180,Orange
18,220,200,Orange
18,220,220,Orange
18,220,240,Orange
18,240,140,Orange
18,240,160,Orange
18,240,180,Orange
18,240,200,Orange
18,240,220,Orange
18,240,240,Orange
20,140,140,Orange
20,140,160,Orange
20,140,180,Orange
20,140,200,Orange
20,140,220,Orange
20,140,240,Orange
20,160,140,Orange
20,160,160,Orange
20,160,180,Orange
20,160,200,Orange
20,160,220,Orange
20,160,240,Orange
20,180,140,Orange
20,180,160,Orange
20,180,180,Orange
20,180,200,Orange
20,180,220,Orange
20,180,240,Orange
20,200,140,Orange
20,200,160,Orange
20,200,180,Orange
20,200,200,Orange
20,200,220,Orange
20,200,240,Orange
20,220,140,Orange
20,220,160,Orange
20,220,180,Orange
20,220,200,Orange
20,220,220,Orange
20,220,240,Orange
20,240,140,Orange
20,240,160,Orange
20,240,180,Orange
20,240,200,Orange
20,240,220,Orange
20,240,240,Orange
22,140,140,Orange
22,140,160,Orange
22,140,180,Orange
22,140,200,Orange
22,140,220,Orange
22,140,240,Orange
22,160,140,Orange
22,160,160,Orange
22,160,180,Orange
22,160,200,Orange
22,160,220,Orange
22,160,240,Orange
22,180,140,Orange
22,180,160,Orange
22,180,180,Orange
22,180,200,Orange
22,180,220,Orange
22,180,240,Orange
22,200,140,Orange
22,200,160,Orange
22,200,180,Orange
22,200,200,Orange
22,200,220,Orange
22,200,240,Orange
22,220,140,Orange
22,220,160,Orange
22,220,180,Orange
22,220,200,Orange
22,220,220,Orange
22,220,240,Orange
22,240,140,Orange
22,240,160,Orange
22,240,180,Orange
22,240,200,Orange
22,240,220,Orange
22,240,240,Orange
24,140,140,Orange
24,140,160,Orange
24,140,180,Orange
24,140,200,Orange
24,140,220,Orange
24,140,240,Orange
24,160,140,Orange
24,160,160,Orange
24,160,180,Orange
24,160,200,Orange
24,160,220,Orange
24,160,240,Orange
24,180,140,Orange
24,180,160,Orange
24,180,180,Orange
24,180,200,Orange
24,180,220,Orange
24,180,240,Orange
24,200,140,Orange
24,200,160,Orange
24,200,180,Orange
24,200,200,Orange
24,200,220,Orange
24,200,240,Orange
24,220,140,Orange
24,220,160,Orange
24,220,180,Orange
24,220,200,Orange
24,220,220,Orange
24,220,240,Orange
24,240,140,Orange
24,240,160,Orange
24,240,180,Orange
24,240,200,Orange
24,240,220,Orange
24,240,240,Orange
25,150,150,Yellow
25,150,170,Yellow
25,150,190,Yellow
25,150,210,Yellow
25,150,230,Yellow
25,150,250,Yellow
25,170,150,Yellow
25,170,170,Yellow
25,170,190,Yellow
25,170,210,Yellow
25,170,230,Yellow
25,170,250,Yellow
25,190,150,Yellow
25,190,170,Yellow
25,190,190,Yellow
25,190,210,Yellow
25,190,230,Yellow
25,190,250,Yellow
25,210,150,Yellow
25,210,170,Yellow
25,210,190,Yellow
25,210,210,Yellow
25,210,230,Yellow
25,210,250,Yellow
25,230,150,Yellow
25,230,170,Yellow
25,230,190,Yellow
25,230,210,Yellow
25,230,230,Yellow
25,230,250,Yellow
25,250,150,Yellow
25,250,170,Yellow
25,250,190,Yellow
25,250,210,Yellow
25,250,230,Yellow
25,250,250,Yellow
27,150,150,Yellow
27,150,170,Yellow
27,150,190,Yellow
27,150,210,Yellow
27,150,230,Yellow
27,150,250,Yellow
27,170,150,Yellow
27,170,170,Yellow
27,170,190,Yellow
27,170,210,Yellow
27,170,230,Yellow
27,170,250,Yellow
27,190,150,Yellow
27,190,170,Yellow
27,190,190,Yellow
27,190,210,Yellow
27,190,230,Yellow
27,190,250,Yellow
27,210,150,Yellow
27,210,170,Yellow
27,210,190,Yellow
27,210,210,Yellow
27,210,230,Yellow
27,210,250,Yellow
27,230,150,Yellow
27,230,170,Yellow
27,230,190,Yellow
27,230,210,Yellow
27,230,230,Yellow
27,230,250,Yellow
27,250,150,Yellow
27,250,170,Yellow
27,250,190,Yellow
27,250,210,Yellow
27,250,230,Yellow
27,250,250,Yellow
29,150,150,Yellow
29,150,170,Yellow
29,150,190,Yellow
29,150,210,Yellow
29,150,230,Yellow
29,150,250,Yellow
29,170,150,Yellow
29,170,170,Yellow
29,170,190,Yellow
29,170,210,Yellow
29,170,230,Yellow
29,170,250,Yellow
29,190,150,Yellow
29,190,170,Yellow
29,190,190,Yellow
29,190,210,Yellow
29,190,230,Yellow
29,190,250,Yellow
29,210,150,Yellow
29,210,170,Yellow
29,210,190,Yellow
29,210,210,Yellow
29,210,230,Yellow
29,210,250,Yellow
29,230,150,Yellow
29,230,170,Yellow
29,230,190,Yellow
29,230,210,Yellow
29,230,230,Yellow
29,230,250,Yellow
29,250,150,Yellow
29,250,170,Yellow
29,250,190,Yellow
29,250,210,Yellow
29,250,230,Yellow
29,250,250,Yellow
31,150,150,Yellow
31,150,170,Yellow
31,150,190,Yellow
31,150,210,Yellow
31,150,230,Yellow
31,150,250,Yellow
31,170,150,Yellow
31,170,170,Yellow
31,170,190,Yellow
31,170,210,Yellow
31,170,230,Yellow
31,170,250,Yellow
31,190,150,Yellow
31,190,170,Yellow
31,190,190,Yellow
31,190,210,Yellow
31,190,230,Yellow
31,190,250,Yellow
31,210,150,Yellow
31,210,170,Yellow
31,210,190,Yellow
31,210,210,Yellow
31,210,230,Yellow
31,210,250,Yellow
31,230,150,Yellow
31,230,170,Yellow
31,230,190,Yellow
31,230,210,Yellow
31,230,230,Yellow
31,230,250,Yellow
31,250,150,Yellow
31,250,170,Yellow
31,250,190,Yellow
31,250,210,Yellow
31,250,230,Yellow
31,250,250,Yellow
33,150,150,Yellow
33,150,170,Yellow
33,150,190,Yellow
33,150,210,Yellow
33,150,230,Yellow
33,150,250,Yellow
33,170,150,Yellow
33,170,170,Yellow
33,170,190,Yellow
33,170,210,Yellow
33,170,230,Yellow
33,170,250,Yellow
33,190,150,Yellow
33,190,170,Yellow
33,190,190,Yellow
33,190,210,Yellow
33,190,230,Yellow
33,190,250,Yellow
33,210,150,Yellow
33,210,170,Yellow
33,210,190,Yellow
33,210,210,Yellow
33,210,230,Yellow
33,210,250,Yellow
33,230,150,Yellow
33,230,170,Yellow
33,230,190,Yellow
33,230,210,Yellow
33,230,230,Yellow
33,230,250,Yellow
33,250,150,Yellow
33,250,170,Yellow
33,250,190,Yellow
33,250,210,Yellow
33,250,230,Yellow
33,250,250,Yellow
35,150,150,Yellow
35,150,170,Yellow
35,150,190,Yellow
35,150,210,Yellow
35,150,230,Yellow
35,150,250,Yellow
35,170,150,Yellow
35,170,170,Yellow
35,170,190,Yellow
35,170,210,Yellow
35,170,230,Yellow
35,170,250,Yellow
35,190,150,Yellow
35,190,170,Yellow
35,190,190,Yellow
35,190,210,Yellow
35,190,230,Yellow
35,190,250,Yellow
35,210,150,Yellow
35,210,170,Yellow
35,210,190,Yellow
35,210,210,Yellow
35,210,230,Yellow
35,210,250,Yellow
35,230,150,Yellow
35,230,170,Yellow
35,230,190,Yellow
35,230,210,Yellow
35,230,230,Yellow
35,230,250,Yellow
35,250,150,Yellow
35,250,170,Yellow
35,250,190,Yellow
35,250,210,Yellow
35,250,230,Yellow
35,250,250,Yellow
37,150,150,Yellow
37,150,170,Yellow
37,150,190,Yellow
37,150,210,Yellow
37,150,230,Yellow
37,150,250,Yellow
37,170,150,Yellow
37,170,170,Yellow
37,170,190,Yellow
37,170,210,Yellow
37,170,230,Yellow
37,170,250,Yellow
37,190,150,Yellow
37,190,170,Yellow
37,190,190,Yellow
37,190,210,Yellow
37,190,230,Yellow
37,190,250,Yellow
37,210,150,Yellow
37,210,170,Yellow
37,210,190,Yellow
37,210,210,Yellow
37,210,230,Yellow
37,210,250,Yellow
37,230,150,Yellow
37,230,170,Yellow
37,230,190,Yellow
37,230,210,Yellow
37,230,230,Yellow
37,230,250,Yellow
37,250,150,Yellow
37,250,170,Yellow
37,250,190,Yellow
37,250,210,Yellow
37,250,230,Yellow
37,250,250,Yellow
50,100,100,Green
50,100,120,Green
50,100,140,Green
50,100,160,Green
50,100,180,Green
50,100,200,Green
50,100,220,Green
50,100,240,Green
50,120,100,Green
50,120,120,Green
50,120,140,Green
50,120,160,Green
50,120,180,Green
50,120,200,Green
50,120,220,Green
50,120,240,Green
50,140,100,Green
50,140,120,Green
50,140,140,Green
50,140,160,Green
50,140,180,Green
50,140,200,Green
50,140,220,Green
50,140,240,Green
50,160,100,Green
50,160,120,Green
50,160,140,Green
50,160,160,Green
50,160,180,Green
50,160,200,Green
50,160,220,Green
50,160,240,Green
50,180,100,Green
50,180,120,Green
50,180,140,Green
50,180,160,Green
50,180,180,Green
50,180,200,Green
50,180,220,Green
50,180,240,Green
50,200,100,Green
50,200,120,Green
50,200,140,Green
50,200,160,Green
50,200,180,Green
50,200,200,Green
50,200,220,Green
50,200,240,Green
50,220,100,Green
50,220,120,Green
50,220,140,Green
50,220,160,Green
50,220,180,Green
50,220,200,Green
50,220,220,Green
50,220,240,Green
50,240,100,Green
50,240,120,Green
50,240,140,Green
50,240,160,Green
50,240,180,Green
50,240,200,Green
50,240,220,Green
50,240,240,Green
52,100,100,Green
52,100,120,Green
52,100,140,Green
52,100,160,Green
52,100,180,Green
52,100,200,Green
52,100,220,Green
52,100,240,Green
52,120,100,Green
52,120,120,Green
52,120,140,Green
52,120,160,Green
52,120,180,Green
52,120,200,Green
52,120,220,Green
52,120,240,Green
52,140,100,Green
52,140,120,Green
52,140,140,Green
52,140,160,Green
52,140,180,Green
52,140,200,Green
52,140,220,Green
52,140,240,Green
52,160,100,Green
52,160,120,Green
52,160,140,Green
52,160,160,Green
52,160,180,Green
52,160,200,Green
52,160,220,Green
52,160,240,Green
52,180,100,Green
52,180,120,Green
52,180,140,Green
52,180,160,Green
52,180,180,Green
52,180,200,Green
52,180,220,Green
52,180,240,Green
52,200,100,Green
52,200,120,Green
52,200,140,Green
52,200,160,Green
52,200,180,Green
52,200,200,Green
52,200,220,Green
52,200,240,Green
52,220,100,Green
52,220,120,Green
52,220,140,Green
52,220,160,Green
52,220,180,Green
52,220,200,Green
52,220,220,Green
52,220,240,Green
52,240,100,Green
52,240,120,Green
52,240,140,Green
52,240,160,Green
52,240,180,Green
52,240,200,Green
52,240,220,Green
52,240,240,Green
54,100,100,Green
54,100,120,Green
54,100,140,Green
54,100,160,Green
54,100,180,Green
54,100,200,Green
54,100,220,Green
54,100,240,Green
54,120,100,Green
54,120,120,Green
54,120,140,Green
54,120,160,Green
54,120,180,Green
54,120,200,Green
54,120,220,Green
54,120,240,Green
54,140,100,Green
54,140,120,Green
54,140,140,Green
54,140,160,Green
54,140,180,Green
54,140,200,Green
54,140,220,Green
54,140,240,Green
54,160,100,Green
54,160,120,Green
54,160,140,Green
54,160,160,Green
54,160,180,Green
54,160,200,Green
54,160,220,Green
54,160,240,Green
54,180,100,Green
54,180,120,Green
54,180,140,Green
54,180,160,Green
54,180,180,Green
54,180,200,Green
54,180,220,Green
54,180,240,Green
54,200,100,Green
54,200,120,Green
54,200,140,Green
54,200,160,Green
54,200,180,Green
54,200,200,Green
54,200,220,Green
54,200,240,Green
54,220,100,Green
54,220,120,Green
54,220,140,Green
54,220,160,Green
54,220,180,Green
54,220,200,Green
54,220,220,Green
54,220,240,Green
54,240,100,Green
54,240,120,Green
54,240,140,Green
54,240,160,Green
54,240,180,Green
54,240,200,Green
54,240,220,Green
54,240,240,Green
56,100,100,Green
56,100,120,Green
56,100,140,Green
56,100,160,Green
56,100,180,Green
56,100,200,Green
56,100,220,Green
56,100,240,Green
56,120,100,Green
56,120,120,Green
56,120,140,Green
56,120,160,Green
56,120,180,Green
56,120,200,Green
56,120,220,Green
56,120,240,Green
56,140,100,Green
56,140,120,Green
56,140,140,Green
56,140,160,Green
56,140,180,Green
56,140,200,Green
56,140,220,Green
56,140,240,Green
56,160,100,Green
56,160,120,Green
56,160,140,Green
56,160,160,Green
56,160,180,Green
56,160,200,Green
56,160,220,Green
56,160,240,Green
56,180,100,Green
56,180,120,Green
56,180,140,Green
56,180,160,Green
56,180,180,Green
56,180,200,Green
56,180,220,Green
56,180,240,Green
56,200,100,Green
56,200,120,Green
56,200,140,Green
56,200,160,Green
56,200,180,Green
56,200,200,Green
56,200,220,Green
56,200,240,Green
56,220,100,Green
56,220,120,Green
56,220,140,Green
56,220,160,Green
56,220,180,Green
56,220,200,Green
56,220,220,Green
56,220,240,Green
56,240,100,Green
56,240,120,Green
56,240,140,Green
56,240,160,Green
56,240,180,Green
56,240,200,Green
56,240,220,Green
56,240,240,Green
58,100,100,Green
58,100,120,Green
58,100,140,Green
58,100,160,Green
58,100,180,Green
58,100,200,Green
58,100,220,Green
58,100,240,Green
58,120,100,Green
58,120,120,Green
58,120,140,Green
58,120,160,Green
58,120,180,Green
58,120,200,Green
58,120,220,Green
58,120,240,Green
58,140,100,Green
58,140,120,Green
58,140,140,Green
58,140,160,Green
58,140,180,Green
58,140,200,Green
58,140,220,Green
58,140,240,Green
58,160,100,Green
58,160,120,Green
58,160,140,Green
58,160,160,Green
58,160,180,Green
58,160,200,Green
58,160,220,Green
58,160,240,Green
58,180,100,Green
58,180,120,Green
58,180,140,Green
58,180,160,Green
58,180,180,Green
58,180,200,Green
58,180,220,Green
58,180,240,Green
58,200,100,Green
58,200,120,Green
58,200,140,Green
58,200,160,Green
58,200,180,Green
58,200,200,Green
58,200,220,Green
58,200,240,Green
58,220,100,Green
58,220,120,Green
58,220,140,Green
58,220,160,Green
58,220,180,Green
58,220,200,Green
58,220,220,Green
58,220,240,Green
58,240,100,Green
58,240,120,Green
58,240,140,Green
58,240,160,Green
58,240,180,Green
58,240,200,Green
58,240,220,Green
58,240,240,Green
60,100,100,Green
60,100,120,Green
60,100,140,Green
60,100,160,Green
60,100,180,Green
60,100,200,Green
60,100,220,Green
60,100,240,Green
60,120,100,Green
60,120,120,Green
60,120,140,Green
60,120,160,Green
60,120,180,Green
60,120,200,Green
60,120,220,Green
60,120,240,Green
60,140,100,Green
60,140,120,Green
60,140,140,Green
60,140,160,Green
60,140,180,Green
60,140,200,Green
60,140,220,Green
60,140,240,Green
60,160,100,Green
60,160,120,Green
60,160,140,Green
60,160,160,Green
60,160,180,Green
60,160,200,Green
60,160,220,Green
60,160,240,Green
60,180,100,Green
60,180,120,Green
60,180,140,Green
60,180,160,Green
60,180,180,Green
60,180,200,Green
60,180,220,Green
60,180,240,Green
60,200,100,Green
60,200,120,Green
60,200,140,Green
60,200,160,Green
60,200,180,Green
60,200,200,Green
60,200,220,Green
60,200,240,Green
60,220,100,Green
60,220,120,Green
60,220,140,Green
60,220,160,Green
60,220,180,Green
60,220,200,Green
60,220,220,Green
60,220,240,Green
60,240,100,Green
60,240,120,Green
60,240,140,Green
60,240,160,Green
60,240,180,Green
60,240,200,Green
60,240,220,Green
60,240,240,Green
62,100,100,Green
62,100,120,Green
62,100,140,Green
62,100,160,Green
62,100,180,Green
62,100,200,Green
62,100,220,Green
62,100,240,Green
62,120,100,Green
62,120,120,Green
62,120,140,Green
62,120,160,Green
62,120,180,Green
62,120,200,Green
62,120,220,Green
62,120,240,Green
62,140,100,Green
62,140,120,Green
62,140,140,Green
62,140,160,Green
62,140,180,Green
62,140,200,Green
62,140,220,Green
62,140,240,Green
62,160,100,Green
62,160,120,Green
62,160,140,Green
62,160,160,Green
62,160,180,Green
62,160,200,Green
62,160,220,Green
62,160,240,Green
62,180,100,Green
62,180,120,Green
62,180,140,Green
62,180,160,Green
62,180,180,Green
62,180,200,Green
62,180,220,Green
62,180,240,Green
62,200,100,Green
62,200,120,Green
62,200,140,Green
62,200,160,Green
62,200,180,Green
62,200,200,Green
62,200,220,Green
62,200,240,Green
62,220,100,Green
62,220,120,Green
62,220,140,Green
62,220,160,Green
62,220,180,Green
62,220,200,Green
62,220,220,Green
62,220,240,Green
62,240,100,Green
62,240,120,Green
62,240,140,Green
62,240,160,Green
62,240,180,Green
62,240,200,Green
62,240,220,Green
62,240,240,Green
64,100,100,Green
64,100,120,Green
64,100,140,Green
64,100,160,Green
64,100,180,Green
64,100,200,Green
64,100,220,Green
64,100,240,Green
64,120,100,Green
64,120,120,Green
64,120,140,Green
64,120,160,Green
64,120,180,Green
64,120,200,Green
64,120,220,Green
64,120,240,Green
64,140,100,Green
64,140,120,Green
64,140,140,Green
64,140,160,Green
64,140,180,Green
64,140,200,Green
64,140,220,Green
64,140,240,Green
64,160,100,Green
64,160,120,Green
64,160,140,Green
64,160,160,Green
64,160,180,Green
64,160,200,Green
64,160,220,Green
64,160,240,Green
64,180,100,Green
64,180,120,Green
64,180,140,Green
64,180,160,Green
64,180,180,Green
64,180,200,Green
64,180,220,Green
64,180,240,Green
64,200,100,Green
64,200,120,Green
64,200,140,Green
64,200,160,Green
64,200,180,Green
64,200,200,Green
64,200,220,Green
64,200,240,Green
64,220,100,Green
64,220,120,Green
64,220,140,Green
64,220,160,Green
64,220,180,Green
64,220,200,Green
64,220,220,Green
64,220,240,Green
64,240,100,Green
64,240,120,Green
64,240,140,Green
64,240,160,Green
64,240,180,Green
64,240,200,Green
64,240,220,Green
64,240,240,Green
66,100,100,Green
66,100,120,Green
66,100,140,Green
66,100,160,Green
66,100,180,Green
66,100,200,Green
66,100,220,Green
66,100,240,Green
66,120,100,Green
66,120,120,Green
66,120,140,Green
66,120,160,Green
66,120,180,Green
66,120,200,Green
66,120,220,Green
66,120,240,Green
66,140,100,Green
66,140,120,Green
66,140,140,Green
66,140,160,Green
66,140,180,Green
66,140,200,Green
66,140,220,Green
66,140,240,Green
66,160,100,Green
66,160,120,Green
66,160,140,Green
66,160,160,Green
66,160,180,Green
66,160,200,Green
66,160,220,Green
66,160,240,Green
66,180,100,Green
66,180,120,Green
66,180,140,Green
66,180,160,Green
66,180,180,Green
66,180,200,Green
66,180,220,Green
66,180,240,Green
66,200,100,Green
66,200,120,Green
66,200,140,Green
66,200,160,Green
66,200,180,Green
66,200,200,Green
66,200,220,Green
66,200,240,Green
66,220,100,Green
66,220,120,Green
66,220,140,Green
66,220,160,Green
66,220,180,Green
66,220,200,Green
66,220,220,Green
66,220,240,Green
66,240,100,Green
66,240,120,Green
66,240,140,Green
66,240,160,Green
66,240,180,Green
66,240,200,Green
66,240,220,Green
66,240,240,Green
68,100,100,Green
68,100,120,Green
68,100,140,Green
68,100,160,Green
68,100,180,Green
68,100,200,Green
68,100,220,Green
68,100,240,Green
68,120,100,Green
68,120,120,Green
68,120,140,Green
68,120,160,Green
68,120,180,Green
68,120,200,Green
68,120,220,Green
68,120,240,Green
68,140,100,Green
68,140,120,Green
68,140,140,Green
68,140,160,Green
68,140,180,Green
68,140,200,Green
68,140,220,Green
68,140,240,Green
68,160,100,Green
68,160,120,Green
68,160,140,Green
68,160,160,Green
68,160,180,Green
68,160,200,Green
68,160,220,Green
68,160,240,Green
68,180,100,Green
68,180,120,Green
68,180,140,Green
68,180,160,Green
68,180,180,Green
68,180,200,Green
68,180,220,Green
68,180,240,Green
68,200,100,Green
68,200,120,Green
68,200,140,Green
68,200,160,Green
68,200,180,Green
68,200,200,Green
68,200,220,Green
68,200,240,Green
68,220,100,Green
68,220,120,Green
68,220,140,Green
68,220,160,Green
68,220,180,Green
68,220,200,Green
68,220,220,Green
68,220,240,Green
68,240,100,Green
68,240,120,Green
68,240,140,Green
68,240,160,Green
68,240,180,Green
68,240,200,Green
68,240,220,Green
68,240,240,Green
70,100,100,Green
70,100,120,Green
70,100,140,Green
70,100,160,Green
70,100,180,Green
70,100,200,Green
70,100,220,Green
70,100,240,Green
70,120,100,Green
70,120,120,Green
70,120,140,Green
70,120,160,Green
70,120,180,Green
70,120,200,Green
70,120,220,Green
70,120,240,Green
70,140,100,Green
70,140,120,Green
70,140,140,Green
70,140,160,Green
70,140,180,Green
70,140,200,Green
70,140,220,Green
70,140,240,Green
70,160,100,Green
70,160,120,Green
70,160,140,Green
70,160,160,Green
70,160,180,Green
70,160,200,Green
70,160,220,Green
70,160,240,Green
70,180,100,Green
70,180,120,Green
70,180,140,Green
70,180,160,Green
70,180,180,Green
70,180,200,Green
70,180,220,Green
70,180,240,Green
70,200,100,Green
70,200,120,Green
70,200,140,Green
70,200,160,Green
70,200,180,Green
70,200,200,Green
70,200,220,Green
70,200,240,Green
70,220,100,Green
70,220,120,Green
70,220,140,Green
70,220,160,Green
70,220,180,Green
70,220,200,Green
70,220,220,Green
70,220,240,Green
70,240,100,Green
70,240,120,Green
70,240,140,Green
70,240,160,Green
70,240,180,Green
70,240,200,Green
70,240,220,Green
70,240,240,Green
72,100,100,Green
72,100,120,Green
72,100,140,Green
72,100,160,Green
72,100,180,Green
72,100,200,Green
72,100,220,Green
72,100,240,Green
72,120,100,Green
72,120,120,Green
72,120,140,Green
72,120,160,Green
72,120,180,Green
72,120,200,Green
72,120,220,Green
72,120,240,Green
72,140,100,Green
72,140,120,Green
72,140,140,Green
72,140,160,Green
72,140,180,Green
72,140,200,Green
72,140,220,Green
72,140,240,Green
72,160,100,Green
72,160,120,Green
72,160,140,Green
72,160,160,Green
72,160,180,Green
72,160,200,Green
72,160,220,Green
72,160,240,Green
72,180,100,Green
72,180,120,Green
72,180,140,Green
72,180,160,Green
72,180,180,Green
72,180,200,Green
72,180,220,Green
72,180,240,Green
72,200,100,Green
72,200,120,Green
72,200,140,Green
72,200,160,Green
72,200,180,Green
72,200,200,Green
72,200,220,Green
72,200,240,Green
72,220,100,Green
72,220,120,Green
72,220,140,Green
72,220,160,Green
72,220,180,Green
72,220,200,Green
72,220,220,Green
72,220,240,Green
72,240,100,Green
72,240,120,Green
72,240,140,Green
72,240,160,Green
72,240,180,Green
72,240,200,Green
72,240,220,Green
72,240,240,Green
74,100,100,Green
74,100,120,Green
74,100,140,Green
74,100,160,Green
74,100,180,Green
74,100,200,Green
74,100,220,Green
74,100,240,Green
74,120,100,Green
74,120,120,Green
74,120,140,Green
74,120,160,Green
74,120,180,Green
74,120,200,Green
74,120,220,Green
74,120,240,Green
74,140,100,Green
74,140,120,Green
74,140,140,Green
74,140,160,Green
74,140,180,Green
74,140,200,Green
74,140,220,Green
74,140,240,Green
74,160,100,Green
74,160,120,Green
74,160,140,Green
74,160,160,Green
74,160,180,Green
74,160,200,Green
74,160,220,Green
74,160,240,Green
74,180,100,Green
74,180,120,Green
74,180,140,Green
74,180,160,Green
74,180,180,Green
74,180,200,Green
74,180,220,Green
74,180,240,Green
74,200,100,Green
74,200,120,Green
74,200,140,Green
74,200,160,Green
74,200,180,Green
74,200,200,Green
74,200,220,Green
74,200,240,Green
74,220,100,Green
74,220,120,Green
74,220,140,Green
74,220,160,Green
74,220,180,Green
74,220,200,Green
74,220,220,Green
74,220,240,Green
74,240,100,Green
74,240,120,Green
74,240,140,Green
74,240,160,Green
74,240,180,Green
74,240,200,Green
74,240,220,Green
74,240,240,Green
76,100,100,Green
76,100,120,Green
76,100,140,Green
76,100,160,Green
76,100,180,Green
76,100,200,Green
76,100,220,Green
76,100,240,Green
76,120,100,Green
76,120,120,Green
76,120,140,Green
76,120,160,Green
76,120,180,Green
76,120,200,Green
76,120,220,Green
76,120,240,Green
76,140,100,Green
76,140,120,Green
76,140,140,Green
76,140,160,Green
76,140,180,Green
76,140,200,Green
76,140,220,Green
76,140,240,Green
76,160,100,Green
76,160,120,Green
76,160,140,Green
76,160,160,Green
76,160,180,Green
76,160,200,Green
76,160,220,Green
76,160,240,Green
76,180,100,Green
76,180,120,Green
76,180,140,Green
76,180,160,Green
76,180,180,Green
76,180,200,Green
76,180,220,Green
76,180,240,Green
76,200,100,Green
76,200,120,Green
76,200,140,Green
76,200,160,Green
76,200,180,Green
76,200,200,Green
76,200,220,Green
76,200,240,Green
76,220,100,Green
76,220,120,Green
76,220,140,Green
76,220,160,Green
76,220,180,Green
76,220,200,Green
76,220,220,Green
76,220,240,Green
76,240,100,Green
76,240,120,Green
76,240,140,Green
76,240,160,Green
76,240,180,Green
76,240,200,Green
76,240,220,Green
76,240,240,Green
78,100,100,Green
78,100,120,Green
78,100,140,Green
78,100,160,Green
78,100,180,Green
78,100,200,Green
78,100,220,Green
78,100,240,Green
78,120,100,Green
78,120,120,Green
78,120,140,Green
78,120,160,Green
78,120,180,Green
78,120,200,Green
78,120,220,Green
78,120,240,Green
78,140,100,Green
78,140,120,Green
78,140,140,Green
78,140,160,Green
78,140,180,Green
78,140,200,Green
78,140,220,Green
78,140,240,Green
78,160,100,Green
78,160,120,Green
78,160,140,Green
78,160,160,Green
78,160,180,Green
78,160,200,Green
78,160,220,Green
78,160,240,Green
78,180,100,Green
78,180,120,Green
78,180,140,Green
78,180,160,Green
78,180,180,Green
78,180,200,Green
78,180,220,Green
78,180,240,Green
78,200,100,Green
78,200,120,Green
78,200,140,Green
78,200,160,Green
78,200,180,Green
78,200,200,Green
78,200,220,Green
78,200,240,Green
78,220,100,Green
78,220,120,Green
78,220,140,Green
78,220,160,Green
78,220,180,Green
78,220,200,Green
78,220,220,Green
78,220,240,Green
78,240,100,Green
78,240,120,Green
78,240,140,Green
78,240,160,Green
78,240,180,Green
78,240,200,Green
78,240,220,Green
78,240,240,Green
80,100,100,Green
80,100,120,Green
80,100,140,Green
80,100,160,Green
80,100,180,Green
80,100,200,Green
80,100,220,Green
80,100,240,Green
80,120,100,Green
80,120,120,Green
80,120,140,Green
80,120,160,Green
80,120,180,Green
80,120,200,Green
80,120,220,Green
80,120,240,Green
80,140,100,Green
80,140,120,Green
80,140,140,Green
80,140,160,Green
80,140,180,Green
80,140,200,Green
80,140,220,Green
80,140,240,Green
80,160,100,Green
80,160,120,Green
80,160,140,Green
80,160,160,Green
80,160,180,Green
80,160,200,Green
80,160,220,Green
80,160,240,Green
80,180,100,Green
80,180,120,Green
80,180,140,Green
80,180,160,Green
80,180,180,Green
80,180,200,Green
80,180,220,Green
80,180,240,Green
80,200,100,Green
80,200,120,Green
80,200,140,Green
80,200,160,Green
80,200,180,Green
80,200,200,Green
80,200,220,Green
80,200,240,Green
80,220,100,Green
80,220,120,Green
80,220,140,Green
80,220,160,Green
80,220,180,Green
80,220,200,Green
80,220,220,Green
80,220,240,Green
80,240,100,Green
80,240,120,Green
80,240,140,Green
80,240,160,Green
80,240,180,Green
80,240,200,Green
80,240,220,Green
80,240,240,Green
82,100,100,Green
82,100,120,Green
82,100,140,Green
82,100,160,Green
82,100,180,Green
82,100,200,Green
82,100,220,Green
82,100,240,Green
82,120,100,Green
82,120,120,Green
82,120,140,Green
82,120,160,Green
82,120,180,Green
82,120,200,Green
82,120,220,Green
82,120,240,Green
82,140,100,Green
82,140,120,Green
82,140,140,Green
82,140,160,Green
82,140,180,Green
82,140,200,Green
82,140,220,Green
82,140,240,Green
82,160,100,Green
82,160,120,Green
82,160,140,Green
82,160,160,Green
82,160,180,Green
82,160,200,Green
82,160,220,Green
82,160,240,Green
82,180,100,Green
82,180,120,Green
82,180,140,Green
82,180,160,Green
82,180,180,Green
82,180,200,Green
82,180,220,Green
82,180,240,Green
82,200,100,Green
82,200,120,Green
82,200,140,Green
82,200,160,Green
82,200,180,Green
82,200,200,Green
82,200,220,Green
82,200,240,Green
82,220,100,Green
82,220,120,Green
82,220,140,Green
82,220,160,Green
82,220,180,Green
82,220,200,Green
82,220,220,Green
82,220,240,Green
82,240,100,Green
82,240,120,Green
82,240,140,Green
82,240,160,Green
82,240,180,Green
82,240,200,Green
82,240,220,Green
82,240,240,Green
84,100,100,Green
84,100,120,Green
84,100,140,Green
84,100,160,Green
84,100,180,Green
84,100,200,Green
84,100,220,Green
84,100,240,Green
84,120,100,Green
84,120,120,Green
84,120,140,Green
84,120,160,Green
84,120,180,Green
84,120,200,Green
84,120,220,Green
84,120,240,Green
84,140,100,Green
84,140,120,Green
84,140,140,Green
84,140,160,Green
84,140,180,Green
84,140,200,Green
84,140,220,Green
84,140,240,Green
84,160,100,Green
84,160,120,Green
84,160,140,Green
84,160,160,Green
84,160,180,Green
84,160,200,Green
84,160,220,Green
84,160,240,Green
84,180,100,Green
84,180,120,Green
84,180,140,Green
84,180,160,Green
84,180,180,Green
84,180,200,Green
84,180,220,Green
84,180,240,Green
84,200,100,Green
84,200,120,Green
84,200,140,Green
84,200,160,Green
84,200,180,Green
84,200,200,Green
84,200,220,Green
84,200,240,Green
84,220,100,Green
84,220,120,Green
84,220,140,Green
84,220,160,Green
84,220,180,Green
84,220,200,Green
84,220,220,Green
84,220,240,Green
84,240,100,Green
84,240,120,Green
84,240,140,Green
84,240,160,Green
84,240,180,Green
84,240,200,Green
84,240,220,Green
84,240,240,Green
100,150,100,Blue
100,150,120,Blue
100,150,140,Blue
100,150,160,Blue
100,150,180,Blue
100,150,200,Blue
100,150,220,Blue
100,150,240,Blue
100,170,100,Blue
100,170,120,Blue
100,170,140,Blue
100,170,160,Blue
100,170,180,Blue
100,170,200,Blue
100,170,220,Blue
100,170,240,Blue
100,190,100,Blue
100,190,120,Blue
100,190,140,Blue
100,190,160,Blue
100,190,180,Blue
100,190,200,Blue
100,190,220,Blue
100,190,240,Blue
100,210,100,Blue
100,210,120,Blue
100,210,140,Blue
100,210,160,Blue
100,210,180,Blue
100,210,200,Blue
100,210,220,Blue
100,210,240,Blue
100,230,100,Blue
100,230,120,Blue
100,230,140,Blue
100,230,160,Blue
100,230,180,Blue
100,230,200,Blue
100,230,220,Blue
100,230,240,Blue
100,250,100,Blue
100,250,120,Blue
100,250,140,Blue
100,250,160,Blue
100,250,180,Blue
100,250,200,Blue
100,250,220,Blue
100,250,240,Blue
102,150,100,Blue
102,150,120,Blue
102,150,140,Blue
102,150,160,Blue
102,150,180,Blue
102,150,200,Blue
102,150,220,Blue
102,150,240,Blue
102,170,100,Blue
102,170,120,Blue
102,170,140,Blue
102,170,160,Blue
102,170,180,Blue
102,170,200,Blue
102,170,220,Blue
102,170,240,Blue
102,190,100,Blue
102,190,120,Blue
102,190,140,Blue
102,190,160,Blue
102,190,180,Blue
102,190,200,Blue
102,190,220,Blue
102,190,240,Blue
102,210,100,Blue
102,210,120,Blue
102,210,140,Blue
102,210,160,Blue
102,210,180,Blue
102,210,200,Blue
102,210,220,Blue
102,210,240,Blue
102,230,100,Blue
102,230,120,Blue
102,230,140,Blue
102,230,160,Blue
102,230,180,Blue
102,230,200,Blue
102,230,220,Blue
102,230,240,Blue
102,250,100,Blue
102,250,120,Blue
102,250,140,Blue
102,250,160,Blue
102,250,180,Blue
102,250,200,Blue
102,250,220,Blue
102,250,240,Blue
104,150,100,Blue
104,150,120,Blue
104,150,140,Blue
104,150,160,Blue
104,150,180,Blue
104,150,200,Blue
104,150,220,Blue
104,150,240,Blue
104,170,100,Blue
104,170,120,Blue
104,170,140,Blue
104,170,160,Blue
104,170,180,Blue
104,170,200,Blue
104,170,220,Blue
104,170,240,Blue
104,190,100,Blue
104,190,120,Blue
104,190,140,Blue
104,190,160,Blue
104,190,180,Blue
104,190,200,Blue
104,190,220,Blue
104,190,240,Blue
104,210,100,Blue
104,210,120,Blue
104,210,140,Blue
104,210,160,Blue
104,210,180,Blue
104,210,200,Blue
104,210,220,Blue
104,210,240,Blue
104,230,100,Blue
104,230,120,Blue
104,230,140,Blue
104,230,160,Blue
104,230,180,Blue
104,230,200,Blue
104,230,220,Blue
104,230,240,Blue
104,250,100,Blue
104,250,120,Blue
104,250,140,Blue
104,250,160,Blue
104,250,180,Blue
104,250,200,Blue
104,250,220,Blue
104,250,240,Blue
106,150,100,Blue
106,150,120,Blue
106,150,140,Blue
106,150,160,Blue
106,150,180,Blue
106,150,200,Blue
106,150,220,Blue
106,150,240,Blue
106,170,100,Blue
106,170,120,Blue
106,170,140,Blue
106,170,160,Blue
106,170,180,Blue
106,170,200,Blue
106,170,220,Blue
106,170,240,Blue
106,190,100,Blue
106,190,120,Blue
106,190,140,Blue
106,190,160,Blue
106,190,180,Blue
106,190,200,Blue
106,190,220,Blue
106,190,240,Blue
106,210,100,Blue
106,210,120,Blue
106,210,140,Blue
106,210,160,Blue
106,210,180,Blue
106,210,200,Blue
106,210,220,Blue
106,210,240,Blue
106,230,100,Blue
106,230,120,Blue
106,230,140,Blue
106,230,160,Blue
106,230,180,Blue
106,230,200,Blue
106,230,220,Blue
106,230,240,Blue
106,250,100,Blue
106,250,120,Blue
106,250,140,Blue
106,250,160,Blue
106,250,180,Blue
106,250,200,Blue
106,250,220,Blue
106,250,240,Blue
108,150,100,Blue
108,150,120,Blue
108,150,140,Blue
108,150,160,Blue
108,150,180,Blue
108,150,200,Blue
108,150,220,Blue
108,150,240,Blue
108,170,100,Blue
108,170,120,Blue
108,170,140,Blue
108,170,160,Blue
108,170,180,Blue
108,170,200,Blue
108,170,220,Blue
108,170,240,Blue
108,190,100,Blue
108,190,120,Blue
108,190,140,Blue
108,190,160,Blue
108,190,180,Blue
108,190,200,Blue
108,190,220,Blue
108,190,240,Blue
108,210,100,Blue
108,210,120,Blue
108,210,140,Blue
108,210,160,Blue
108,210,180,Blue
108,210,200,Blue
108,210,220,Blue
108,210,240,Blue
108,230,100,Blue
108,230,120,Blue
108,230,140,Blue
108,230,160,Blue
108,230,180,Blue
108,230,200,Blue
108,230,220,Blue
108,230,240,Blue
108,250,100,Blue
108,250,120,Blue
108,250,140,Blue
108,250,160,Blue
108,250,180,Blue
108,250,200,Blue
108,250,220,Blue
108,250,240,Blue
110,150,100,Blue
110,150,120,Blue
110,150,140,Blue
110,150,160,Blue
110,150,180,Blue
110,150,200,Blue
110,150,220,Blue
110,150,240,Blue
110,170,100,Blue
110,170,120,Blue
110,170,140,Blue
110,170,160,Blue
110,170,180,Blue
110,170,200,Blue
110,170,220,Blue
110,170,240,Blue
110,190,100,Blue
110,190,120,Blue
110,190,140,Blue
110,190,160,Blue
110,190,180,Blue
110,190,200,Blue
110,190,220,Blue
110,190,240,Blue
110,210,100,Blue
110,210,120,Blue
110,210,140,Blue
110,210,160,Blue
110,210,180,Blue
110,210,200,Blue
110,210,220,Blue
110,210,240,Blue
110,230,100,Blue
110,230,120,Blue
110,230,140,Blue
110,230,160,Blue
110,230,180,Blue
110,230,200,Blue
110,230,220,Blue
110,230,240,Blue
110,250,100,Blue
110,250,120,Blue
110,250,140,Blue
110,250,160,Blue
110,250,180,Blue
110,250,200,Blue
110,250,220,Blue
110,250,240,Blue
112,150,100,Blue
112,150,120,Blue
112,150,140,Blue
112,150,160,Blue
112,150,180,Blue
112,150,200,Blue
112,150,220,Blue
112,150,240,Blue
112,170,100,Blue
112,170,120,Blue
112,170,140,Blue
112,170,160,Blue
112,170,180,Blue
112,170,200,Blue
112,170,220,Blue
112,170,240,Blue
112,190,100,Blue
112,190,120,Blue
112,190,140,Blue
112,190,160,Blue
112,190,180,Blue
112,190,200,Blue
112,190,220,Blue
112,190,240,Blue
112,210,100,Blue
112,210,120,Blue
112,210,140,Blue
112,210,160,Blue
112,210,180,Blue
112,210,200,Blue
112,210,220,Blue
112,210,240,Blue
112,230,100,Blue
112,230,120,Blue
112,230,140,Blue
112,230,160,Blue
112,230,180,Blue
112,230,200,Blue
112,230,220,Blue
112,230,240,Blue
112,250,100,Blue
112,250,120,Blue
112,250,140,Blue
112,250,160,Blue
112,250,180,Blue
112,250,200,Blue
112,250,220,Blue
112,250,240,Blue
114,150,100,Blue
114,150,120,Blue
114,150,140,Blue
114,150,160,Blue
114,150,180,Blue
114,150,200,Blue
114,150,220,Blue
114,150,240,Blue
114,170,100,Blue
114,170,120,Blue
114,170,140,Blue
114,170,160,Blue
114,170,180,Blue
114,170,200,Blue
114,170,220,Blue
114,170,240,Blue
114,190,100,Blue
114,190,120,Blue
114,190,140,Blue
114,190,160,Blue
114,190,180,Blue
114,190,200,Blue
114,190,220,Blue
114,190,240,Blue
114,210,100,Blue
114,210,120,Blue
114,210,140,Blue
114,210,160,Blue
114,210,180,Blue
114,210,200,Blue
114,210,220,Blue
114,210,240,Blue
114,230,100,Blue
114,230,120,Blue
114,230,140,Blue
114,230,160,Blue
114,230,180,Blue
114,230,200,Blue
114,230,220,Blue
114,230,240,Blue
114,250,100,Blue
114,250,120,Blue
114,250,140,Blue
114,250,160,Blue
114,250,180,Blue
114,250,200,Blue
114,250,220,Blue
114,250,240,Blue
116,150,100,Blue
116,150,120,Blue
116,150,140,Blue
116,150,160,Blue
116,150,180,Blue
116,150,200,Blue
116,150,220,Blue
116,150,240,Blue
116,170,100,Blue
116,170,120,Blue
116,170,140,Blue
116,170,160,Blue
116,170,180,Blue
116,170,200,Blue
116,170,220,Blue
116,170,240,Blue
116,190,100,Blue
116,190,120,Blue
116,190,140,Blue
116,190,160,Blue
116,190,180,Blue
116,190,200,Blue
116,190,220,Blue
116,190,240,Blue
116,210,100,Blue
116,210,120,Blue
116,210,140,Blue
116,210,160,Blue
116,210,180,Blue
116,210,200,Blue
116,210,220,Blue
116,210,240,Blue
116,230,100,Blue
116,230,120,Blue
116,230,140,Blue
116,230,160,Blue
116,230,180,Blue
116,230,200,Blue
116,230,220,Blue
116,230,240,Blue
116,250,100,Blue
116,250,120,Blue
116,250,140,Blue
116,250,160,Blue
116,250,180,Blue
116,250,200,Blue
116,250,220,Blue
116,250,240,Blue
118,150,100,Blue
118,150,120,Blue
118,150,140,Blue
118,150,160,Blue
118,150,180,Blue
118,150,200,Blue
118,150,220,Blue
118,150,240,Blue
118,170,100,Blue
118,170,120,Blue
118,170,140,Blue
118,170,160,Blue
118,170,180,Blue
118,170,200,Blue
118,170,220,Blue
118,170,240,Blue
118,190,100,Blue
118,190,120,Blue
118,190,140,Blue
118,190,160,Blue
118,190,180,Blue
118,190,200,Blue
118,190,220,Blue
118,190,240,Blue
118,210,100,Blue
118,210,120,Blue
118,210,140,Blue
118,210,160,Blue
118,210,180,Blue
118,210,200,Blue
118,210,220,Blue
118,210,240,Blue
118,230,100,Blue
118,230,120,Blue
118,230,140,Blue
118,230,160,Blue
118,230,180,Blue
118,230,200,Blue
118,230,220,Blue
118,230,240,Blue
118,250,100,Blue
118,250,120,Blue
118,250,140,Blue
118,250,160,Blue
118,250,180,Blue
118,250,200,Blue
118,250,220,Blue
118,250,240,Blue
120,150,100,Blue
120,150,120,Blue
120,150,140,Blue
120,150,160,Blue
120,150,180,Blue
120,150,200,Blue
120,150,220,Blue
120,150,240,Blue
120,170,100,Blue
120,170,120,Blue
120,170,140,Blue
120,170,160,Blue
120,170,180,Blue
120,170,200,Blue
120,170,220,Blue
120,170,240,Blue
120,190,100,Blue
120,190,120,Blue
120,190,140,Blue
120,190,160,Blue
120,190,180,Blue
120,190,200,Blue
120,190,220,Blue
120,190,240,Blue
120,210,100,Blue
120,210,120,Blue
120,210,140,Blue
120,210,160,Blue
120,210,180,Blue
120,210,200,Blue
120,210,220,Blue
120,210,240,Blue
120,230,100,Blue
120,230,120,Blue
120,230,140,Blue
120,230,160,Blue
120,230,180,Blue
120,230,200,Blue
120,230,220,Blue
120,230,240,Blue
120,250,100,Blue
120,250,120,Blue
120,250,140,Blue
120,250,160,Blue
120,250,180,Blue
120,250,200,Blue
120,250,220,Blue
120,250,240,Blue
122,150,100,Blue
122,150,120,Blue
122,150,140,Blue
122,150,160,Blue
122,150,180,Blue
122,150,200,Blue
122,150,220,Blue
122,150,240,Blue
122,170,100,Blue
122,170,120,Blue
122,170,140,Blue
122,170,160,Blue
122,170,180,Blue
122,170,200,Blue
122,170,220,Blue
122,170,240,Blue
122,190,100,Blue
122,190,120,Blue
122,190,140,Blue
122,190,160,Blue
122,190,180,Blue
122,190,200,Blue
122,190,220,Blue
122,190,240,Blue
122,210,100,Blue
122,210,120,Blue
122,210,140,Blue
122,210,160,Blue
122,210,180,Blue
122,210,200,Blue
122,210,220,Blue
122,210,240,Blue
122,230,100,Blue
122,230,120,Blue
122,230,140,Blue
122,230,160,Blue
122,230,180,Blue
122,230,200,Blue
122,230,220,Blue
122,230,240,Blue
122,250,100,Blue
122,250,120,Blue
122,250,140,Blue
122,250,160,Blue
122,250,180,Blue
122,250,200,Blue
122,250,220,Blue
122,250,240,Blue
124,150,100,Blue
124,150,120,Blue
124,150,140,Blue
124,150,160,Blue
124,150,180,Blue
124,150,200,Blue
124,150,220,Blue
124,150,240,Blue
124,170,100,Blue
124,170,120,Blue
124,170,140,Blue
124,170,160,Blue
124,170,180,Blue
124,170,200,Blue
124,170,220,Blue
124,170,240,Blue
124,190,100,Blue
124,190,120,Blue
124,190,140,Blue
124,190,160,Blue
124,190,180,Blue
124,190,200,Blue
124,190,220,Blue
124,190,240,Blue
124,210,100,Blue
124,210,120,Blue
124,210,140,Blue
124,210,160,Blue
124,210,180,Blue
124,210,200,Blue
124,210,220,Blue
124,210,240,Blue
124,230,100,Blue
124,230,120,Blue
124,230,140,Blue
124,230,160,Blue
124,230,180,Blue
124,230,200,Blue
124,230,220,Blue
124,230,240,Blue
124,250,100,Blue
124,250,120,Blue
124,250,140,Blue
124,250,160,Blue
124,250,180,Blue
124,250,200,Blue
124,250,220,Blue
124,250,240,Blue
126,150,100,Blue
126,150,120,Blue
126,150,140,Blue
126,150,160,Blue
126,150,180,Blue
126,150,200,Blue
126,150,220,Blue
126,150,240,Blue
126,170,100,Blue
126,170,120,Blue
126,170,140,Blue
126,170,160,Blue
126,170,180,Blue
126,170,200,Blue
126,170,220,Blue
126,170,240,Blue
126,190,100,Blue
126,190,120,Blue
126,190,140,Blue
126,190,160,Blue
126,190,180,Blue
126,190,200,Blue
126,190,220,Blue
126,190,240,Blue
126,210,100,Blue
126,210,120,Blue
126,210,140,Blue
126,210,160,Blue
126,210,180,Blue
126,210,200,Blue
126,210,220,Blue
126,210,240,Blue
126,230,100,Blue
126,230,120,Blue
126,230,140,Blue
126,230,160,Blue
126,230,180,Blue
126,230,200,Blue
126,230,220,Blue
126,230,240,Blue
126,250,100,Blue
126,250,120,Blue
126,250,140,Blue
126,250,160,Blue
126,250,180,Blue
126,250,200,Blue
126,250,220,Blue
126,250,240,Blue
128,150,100,Blue
128,150,120,Blue
128,150,140,Blue
128,150,160,Blue
128,150,180,Blue
128,150,200,Blue
128,150,220,Blue
128,150,240,Blue
128,170,100,Blue
128,170,120,Blue
128,170,140,Blue
128,170,160,Blue
128,170,180,Blue
128,170,200,Blue
128,170,220,Blue
128,170,240,Blue
128,190,100,Blue
128,190,120,Blue
128,190,140,Blue
128,190,160,Blue
128,190,180,Blue
128,190,200,Blue
128,190,220,Blue
128,190,240,Blue
128,210,100,Blue
128,210,120,Blue
128,210,140,Blue
128,210,160,Blue
128,210,180,Blue
128,210,200,Blue
128,210,220,Blue
128,210,240,Blue
128,230,100,Blue
128,230,120,Blue
128,230,140,Blue
128,230,160,Blue
128,230,180,Blue
128,230,200,Blue
128,230,220,Blue
128,230,240,Blue
128,250,100,Blue
128,250,120,Blue
128,250,140,Blue
128,250,160,Blue
128,250,180,Blue
128,250,200,Blue
128,250,220,Blue
128,250,240,Blue
130,150,100,Blue
130,150,120,Blue
130,150,140,Blue
130,150,160,Blue
130,150,180,Blue
130,150,200,Blue
130,150,220,Blue
130,150,240,Blue
130,170,100,Blue
130,170,120,Blue
130,170,140,Blue
130,170,160,Blue
130,170,180,Blue
130,170,200,Blue
130,170,220,Blue
130,170,240,Blue
130,190,100,Blue
130,190,120,Blue
130,190,140,Blue
130,190,160,Blue
130,190,180,Blue
130,190,200,Blue
130,190,220,Blue
130,190,240,Blue
130,210,100,Blue
130,210,120,Blue
130,210,140,Blue
130,210,160,Blue
130,210,180,Blue
130,210,200,Blue
130,210,220,Blue
130,210,240,Blue
130,230,100,Blue
130,230,120,Blue
130,230,140,Blue
130,230,160,Blue
130,230,180,Blue
130,230,200,Blue
130,230,220,Blue
130,230,240,Blue
130,250,100,Blue
130,250,120,Blue
130,250,140,Blue
130,250,160,Blue
130,250,180,Blue
130,250,200,Blue
130,250,220,Blue
130,250,240,Blue
0,0,200,White
0,0,210,White
0,0,220,White
0,0,230,White
0,0,240,White
0,0,250,White
0,10,200,White
0,10,210,White
0,10,220,White
0,10,230,White
0,10,240,White
0,10,250,White
0,20,200,White
0,20,210,White
0,20,220,White
0,20,230,White
0,20,240,White
0,20,250,White
0,30,200,White
0,30,210,White
0,30,220,White
0,30,230,White
0,30,240,White
0,30,250,White
20,0,200,White
20,0,210,White
20,0,220,White
20,0,230,White
20,0,240,White
20,0,250,White
20,10,200,White
20,10,210,White
20,10,220,White
20,10,230,White
20,10,240,White
20,10,250,White
20,20,200,White
20,20,210,White
20,20,220,White
20,20,230,White
20,20,240,White
20,20,250,White
20,30,200,White
20,30,210,White
20,30,220,White
20,30,230,White
20,30,240,White
20,30,250,White
40,0,200,White
40,0,210,White
40,0,220,White
40,0,230,White
40,0,240,White
40,0,250,White
40,10,200,White
40,10,210,White
40,10,220,White
40,10,230,White
40,10,240,White
40,10,250,White
40,20,200,White
40,20,210,White
40,20,220,White
40,20,230,White
40,20,240,White
40,20,250,White
40,30,200,White
40,30,210,White
40,30,220,White
40,30,230,White
40,30,240,White
40,30,250,White
60,0,200,White
60,0,210,White
60,0,220,White
60,0,230,White
60,0,240,White
60,0,250,White
60,10,200,White
60,10,210,White
60,10,220,White
60,10,230,White
60,10,240,White
60,10,250,White
60,20,200,White
60,20,210,White
60,20,220,White
60,20,230,White
60,20,240,White
60,20,250,White
60,30,200,White
60,30,210,White
60,30,220,White
60,30,230,White
60,30,240,White
60,30,250,White
80,0,200,White
80,0,210,White
80,0,220,White
80,0,230,White
80,0,240,White
80,0,250,White
80,10,200,White
80,10,210,White
80,10,220,White
80,10,230,White
80,10,240,White
80,10,250,White
80,20,200,White
80,20,210,White
80,20,220,White
80,20,230,White
80,20,240,White
80,20,250,White
80,30,200,White
80,30,210,White
80,30,220,White
80,30,230,White
80,30,240,White
80,30,250,White
100,0,200,White
100,0,210,White
100,0,220,White
100,0,230,White
100,0,240,White
100,0,250,White
100,10,200,White
100,10,210,White
100,10,220,White
100,10,230,White
100,10,240,White
100,10,250,White
100,20,200,White
100,20,210,White
100,20,220,White
100,20,230,White
100,20,240,White
100,20,250,White
100,30,200,White
100,30,210,White
100,30,220,White
100,30,230,White
100,30,240,White
100,30,250,White
120,0,200,White
120,0,210,White
120,0,220,White
120,0,230,White
120,0,240,White
120,0,250,White
120,10,200,White
120,10,210,White
120,10,220,White
120,10,230,White
120,10,240,White
120,10,250,White
120,20,200,White
120,20,210,White
120,20,220,White
120,20,230,White
120,20,240,White
120,20,250,White
120,30,200,White
120,30,210,White
120,30,220,White
120,30,230,White
120,30,240,White
120,30,250,White
140,0,200,White
140,0,210,White
140,0,220,White
140,0,230,White
140,0,240,White
140,0,250,White
140,10,200,White
140,10,210,White
140,10,220,White
140,10,230,White
140,10,240,White
140,10,250,White
140,20,200,White
140,20,210,White
140,20,220,White
140,20,230,White
140,20,240,White
140,20,250,White
140,30,200,White
140,30,210,White
140,30,220,White
140,30,230,White
140,30,240,White
140,30,250,White
160,0,200,White
160,0,210,White
160,0,220,White
160,0,230,White
160,0,240,White
160,0,250,White
160,10,200,White
160,10,210,White
160,10,220,White
160,10,230,White
160,10,240,White
160,10,250,White
160,20,200,White
160,20,210,White
160,20,220,White
160,20,230,White
160,20,240,White
160,20,250,White
160,30,200,White
160,30,210,White
160,30,220,White
160,30,230,White
160,30,240,White
160,30,250,White
180,0,200,White
180,0,210,White
180,0,220,White
180,0,230,White
180,0,240,White
180,0,250,White
180,10,200,White
180,10,210,White
180,10,220,White
180,10,230,White
180,10,240,White
180,10,250,White
180,20,200,White
180,20,210,White
180,20,220,White
180,20,230,White
180,20,240,White
180,20,250,White
180,30,200,White
180,30,210,White
180,30,220,White
180,30,230,White
180,30,240,White
180,30,250,White
